il2cpp_alloc,aothbNdGIwd,high,0xAAE5C0 `mov rax [rip->0xD6E5748]; jmp rax` = slot0 malloc_func of Il2CppMemoryCallbacks; base+size proven by set_memory_callbacks copying 0x38 bytes there; plaintext il2cpp_free uses slot2 of the same struct
il2cpp_array_element_size,nTKazuUmOzK,high,0xAAE6A0 `mov eax [rcx+0x104]; ret` = klass->element_size; same offset multiplied by array_get_byte_length; sits at the end of the array run whose 3 predecessors are deployed-verified anchors
il2cpp_array_get_byte_length,yfoslaItPnT,high,0xAAE5F0 reads bounds@+0x10 max_length@+0x18 then multiplies by klass->element_size@+0x104 and consults rank@+0x132; only array API with that multiply
il2cpp_class_enum_basetype,jnARKkncjcT,high,0xAAE6B0 `cmp [rcx+0x40] rcx; jne .L; xor eax eax; ret; .L: mov rax [rcx+0x40]; add rax 0x20` = if (element_class==klass) NULL else &element_class->byval_arg; element_class@+0x40 and byval_arg@+0x20 both independently pinned
il2cpp_class_get_assemblyname,qTpHhrOmPIJ,high,0xAAEB50 `mov rax [rcx]; mov rax [rax+8]; ret` = klass->image->nameNoExt; image@+0x00 proven by class_has_attribute; nameNoExt@+0x08 proven by the image-table initializer
il2cpp_class_get_bitmap,JwfRbPNwlJk,high,0xAAEBA0 2 args; calls Class::Init 0xB00380 then a 5-arg recursive bitmap builder with a zero-initialised maxSetBit out-slot; canonical slot immediately after bitmap_size
il2cpp_class_get_bitmap_size,KrbVlIu_dQI,high,0xAAEB80 `mov eax [rcx+0xF8]; shr rax 6; lea rax [rax*8+8]; ret` = one 64-bit word per 64 slots of instance_size; instance_size@+0xF8 confirmed by class_instance_size (deployed)
il2cpp_class_get_declaring_type,IINmxjdVsAc,high,0x0ABA70 `mov rax [rcx+0x58]; ret`; declaringType@+0x58 PROVEN in Type::GetNameInternal 0xA92ADD which loads [rsi+0x58] then adds 0x20 (byval_arg) and emits '+' or '.' as the nested-type separator; unique +0x58 pointer getter in the DLL
il2cpp_class_get_events,KRAjomZXYPy,high,0xAAE7D0 -> 0xAFCA80 standard iterator over array klass+0xA8 with u16 count klass+0x126 = event_count; count block order pinned as method 0x120 property 0x122 field 0x124 event 0x126 nested 0x128 interfaces 0x12C
il2cpp_class_get_flags,KYUGJwDwNKD,high,0xAAEA00 `mov eax [rcx+0x118]; ret`; +0x118 is TypeAttributes because the neighbour class_is_interface masks 0x20 (INTERFACE) on it and class_is_abstract masks bit7 (0x80); unique +0x118 dword getter
il2cpp_class_get_properties,IVjDwejqCp_,high,0xAAE900 -> 0xAFCE30 iterator: if (!*iter) return klass->properties@+0xA0 else advance by 0x30 bounded by count*3<<4 using property_count@+0x122; no strcmp and no parent walk; REPLACES a stale known_good row that named EpavreEv_Rx
il2cpp_class_get_property_from_name,EpavreEv_Rx,high,0xAAE910 -> 0xAFCF60 walks properties@+0xA0 stride 0x30 doing an inline strcmp of arg2 against PropertyInfo->name@+0x10 then `mov rbx [rbx+0x48]` (parent) and repeats; a 2-arg name lookup not an iterator
il2cpp_class_get_rank,bICGTUKhFRC,high,0xAAEB60 `movzx eax byte [rcx+0x132]; ret`; +0x132 is used by array_get_byte_length as the single-dimension test so it is rank not typeHierarchyDepth (+0x130 used by class_has_parent)
il2cpp_class_get_type_token,DNSiIcUYiVo,high,0xAAEA50 `mov eax [rcx+0x11C]; ret`; the very next export class_has_attribute loads [rcx] as image and [rcx+0x11C] as the metadata token key; adjacent to flags@+0x118
il2cpp_class_has_attribute,sXGLbRb_cLn,high,0xAAEA60 2 args; derives the lookup key as (klass->image@+0x00 klass->token@+0x11C) and forwards rdx as the attribute class; sibling of the FieldInfo/MethodInfo variants which use their own offsets
il2cpp_class_has_references,mNNbgAJkREy,high,0xAAEB00 `if (!(byte[rcx+0x136]&1)) SetupFields(); return (byte[rcx+0x135]>>5)&1` = the size_inited guard then has_references; this body is what pins bit5 of +0x135 as has_references
il2cpp_class_is_blittable,vrDXzzTzHAv,high,0xAAE9E0 `movzx eax byte [rcx+0x136]; shr al 3; and al 1` = second bitfield byte bit3; bit0 of that byte is proven size_inited by class_has_references so the declaration order gives bit3 = is_blittable; UNIQUE reader of +0x136 bit3 among all 264 exports
il2cpp_current_thread_get_stack_depth,yHqBGRDpPKZ,high,0xAB0540 zero arguments; fetches the current thread frame vector via 0xAA4180 then returns (end-begin)/32 as int32; slot 9 of a 10/10 canonical thread run anchored by the deployed current_thread_get_frame_at
il2cpp_current_thread_get_top_frame,YOhMOKNfFrq,high,0xAB0310 `mov rdx rcx; xor ecx ecx; jmp 0xAA4780` = GetFrameAt(0; frame); 0xAA4780 is the same body the deployed il2cpp_current_thread_get_frame_at (mFBjEsLCBgF 0xAB0420) tail-jumps into with both args intact
il2cpp_current_thread_walk_frame_stack,k_HM_yxOUwa,high,0xAB01B0 2 args (rcx=callback rdx=user_data); calls 0xAA4180 for the CURRENT thread frame vector and iterates begin..end invoking the callback; the 3-arg thread variant sits at the next slot
il2cpp_custom_attrs_construct,NEjIBXiumEZ,high,0xAB0D20 ONE argument (rdx never read) unlike its two 2-arg neighbours; invokes the filtered collector with a NULL class filter = build them all
il2cpp_custom_attrs_free,EYhKCcrTpxf,medium,0x004910 raw bytes C2 00 00 = `ret 0`; il2cpp_custom_attrs_free is an empty function in il2cpp so ICF folded it into the shared no-op stub (9 export names share it); a bare return cannot misbehave whatever it really is and it beats the current EntryPointNotFoundException
il2cpp_custom_attrs_from_class,zdXrqEeRYCm,high,0xAB0B20 reads image at [rcx+0x00] and token at [rcx+0x11C] = the Il2CppClass pair; its two siblings dereference [rcx+0x18] (MethodInfo) and [rcx+0x20] (FieldInfo) first so the three cannot be confused
il2cpp_custom_attrs_from_method,bMTGFOUnXhr,high,0xAB0B90 `mov rax [rcx+0x18]` (method->klass) then `mov rdx [rax]` (klass->image) and `mov eax [rcx+0x48]` (method token); matches the verified MethodInfo layout exactly
il2cpp_custom_attrs_get_attr,BHspDCGHNDK,high,0xAB0D10 -> 0xAC8440; I traced every exit: the miss path is `xor eax eax` and the hit path is `mov rax rsi` returning the object CONSTRUCTED via 0xADDE70 - a full 64-bit Il2CppObject* return; NOT the bool sibling
il2cpp_custom_attrs_has_attr,MNbTfAxIqdb,high,0xAB0C70 tail-calls 0xAC82F0 whose only exits are `xor al al` and `movzx eax bl` - an 8-bit bool; it constructs nothing; note this build orders has_attr BEFORE get_attr so RVA order must not be used to 'fix' this
il2cpp_domain_assembly_open,kwUVkrYQeJR,high,0xAAEFB0 `mov rcx rdx; jmp 0xAC50B0` - DISCARDS arg1 (the domain) and forwards arg2 (the name); sits between domain_get (0xAAEFA0 = Domain::GetCurrent) and the ground-truth domain_get_assemblies (0xAAEFC0)
il2cpp_field_get_flags,KehzMY_GKJm,high,0xAAF2D0 `mov rax [rcx+0x10]; movzx eax word [rax+8]; ret` = field->type->attrs; FieldInfo.type@+0x10 and Il2CppType.attrs = low 16 bits of the dword at +0x08 are both independently confirmed
il2cpp_field_has_attribute,yxYpdphblDQ,high,0xAAF310 2 args; klass from [rcx+0x20] then image from [klass] and token from [rcx+0x08] = the FieldInfo pair; forwards rdx as the attribute class into the same HasAttribute tail as the class/method variants
il2cpp_field_set_value,pQcd_ojaBRJ,high,0xA9F3F0 3 args; rdi = instance + field->offset is the DESTINATION and rbx = r8 the SOURCE - exactly mirrored against the deployed field_get_value body at 0xA9F0B0 where those roles are swapped; switches on the Il2CppType enum at type+0x0A
il2cpp_field_set_value_object,bOnsmLlzbpa,high,0xAAF3B0 3 args; `movsxd r9 [rdx+0x18]; add r9 rcx; mov [r9] r8` = a single unconditional pointer store at instance+field->offset followed by a GC write barrier; no type switch unlike field_set_value
il2cpp_format_exception,lIWapAGyXAF,high,0xAAF010 3 args with `movsxd rbx r8d` as the buffer bound; builds a description string from the exception and strncpys it out; canonical slot right after the deployed get_exception_argument_null (0xAAF000)
il2cpp_format_stack_trace,QUNCjezHnSe,high,0xAAF0B0 3 args with `movsxd rsi r8d` as the bound; reads the exception stack_trace string at +0x40 and walks its UTF-16 chars at +0x14; REPLACES the stale known_good row that called this class_get_type (class_get_type is `lea rax [rcx+0x20]` and is already correctly deployed as zTnLSRwoUWN)
il2cpp_free,il2cpp_free,high,0xAAE5D0 - this export kept its plaintext name so no patch is strictly needed; body verified as `jmp qword [rip->0xD6E5758]` = slot2 (free_func) of the Il2CppMemoryCallbacks struct at 0xD6E5748
il2cpp_gc_disable,QuHCCCnxInD,high,0xA6EFD0 zero args; `inc dword [rip->0xD6E81F0]` = ++GC_dont_gc; that global is the exact one read by the is_disabled predicate (0xAAF490 `cmp [0xD6E81F0] 0; setne al`) and decremented by its mirror at 0xA6EF80
il2cpp_gc_enable,JtkJvM_WCKb,high,0xA6EF80 zero args; `dec dword [rip->0xD6E81F0]` = --GC_dont_gc; the decrementing half of the inc/dec pair on bdwgc's GC_dont_gc; REPLACES the deployed il2cpp_gc_collect which must be dropped
il2cpp_gc_get_heap_size,Gol_rukoGIP,high,0xAAF5E0 `[0xD733340] - [0xD7333E0]` = GC_heapsize - GC_unmapped_bytes which is verbatim bdwgc GC_get_heap_size(); canonical order places it immediately after get_used_size and that is what the RVAs show
il2cpp_gc_get_used_size,PdNKhFqj_ep,high,0xAAF5D0 `[0xD733340] - [0xD733360]` = GC_heapsize - GC_large_free_bytes; algebraically identical to GetUsedHeapSize() = GC_get_heap_size() - GC_get_free_bytes() with the unmapped term cancelling; shares its first global with get_heap_size at the next slot
il2cpp_gchandle_get_target,il2cpp_gchandle_get_target,high,0xAAF6F0 - plaintext export name retained so no patch is strictly needed; body verified as the GCHandle decode (type = h&7 index = h>>3 bucket stride 0x28 at 0xD6E5790) whose table origin matches the ground-truth gchandle_new at gc_handles[2]
il2cpp_image_get_assembly,cEEujTMeKxt,high,0x080420 `mov rax [rcx+0x20]; ret`; the image-table initializer at 0xB018A2 stores the resolved Il2CppAssembly* (assemblyIndex*0x58 + table base) into [image+0x20]; ICF fold shared with method_get_return_type and property_get_set_method
il2cpp_image_get_class,FxsshsDsJlQ,high,0xAB0930 2 args; image->metadataHandle@+0x28 then handle->typeStart@+0x00 plus the index; resolves &Il2CppTypeDefinition[i] with stride 0x58 through the typedef cache and returns Il2CppClass*
il2cpp_image_get_class_count,NmRHXzqdRCd,high,0x1D2A10 `mov eax [rcx]; ret`; typeCount@image+0x00 proven twice - the initializer stores Il2CppImageDefinition.typeCount into [r12+0x00] and Class::FromName at 0xA8F369/0xA8F405 uses `cmp esi [rdi]` as its type-enumeration loop bound
il2cpp_image_get_entry_point,UTQQPuiPkiI,high,0xAB0910 1 arg; loads metadataHandle@+0x28 tests entryPointIndex@handle+0x0C against -1 and tail-calls the MethodInfo-by-definition-index resolver
il2cpp_image_get_filename,np_REtqCXRF,high,0x079C50 `mov rax [rcx+0x18]; ret`; the initializer stores the raw metadata nameIndex string (with the .dll extension) into [image+0x18] while the extension-stripped copy goes to +0x08
il2cpp_init_utf16,linxhJzCzpT,high,0xAAE070 walks its single argument with a 2-byte stride (Il2CppChar*) converts to std::string and then calls 0xAA0220 - the SAME Runtime::Init callee that il2cpp_init (jGMAbBUqKbr 0xAAE040) uses; the byte-identical prologue at 0xAAE3E0 instead calls 0xAA29C0 and is therefore set_config_utf16
il2cpp_is_vm_thread,xcTy__DTPCr,high,0xAB01A0 1 pointer arg; `cmp qword [rip->global] rcx; setne al; ret`; slot 2 of a 10-slot thread run that matches il2cpp-api-functions.h one-for-one in both order and arity and contains a deployed anchor
il2cpp_method_get_flags,Jetv_gPaEiB,high,0xAAFAF0 the only (ptr;out*) function in the method family: `test rdx rdx; je; movzx eax word [rcx+0x4E]; mov [rdx] eax; movzx eax word [rcx+0x4C]; ret` = if (iflags) *iflags = method->iflags; return method->flags
il2cpp_method_get_param_name,FyOENowWFHC,high,0xAAFB00 2 args; bounds-checks edx against parameters_count (u8 @+0x52) returning NULL on overflow then un-inflates via genericMethod@+0x40 when the +0x53 bit1 is_inflated flag is set
il2cpp_method_has_attribute,lkjFRnNxQvt,high,0xAAFA50 2 args; klass from [rcx+0x18] then image from [klass] and token from [rcx+0x48]; the MethodInfo member of the three-way has_attribute family that share one HasAttribute tail
il2cpp_method_is_generic,SkOhGlwtWWd,high,0xAAF9F0 `movzx eax byte [rcx+0x53]; and al 1` = bitfield bit0; bit1 of the same byte is proven is_inflated by method_get_param_name's `test byte [rcx+0x53] 2 -> mov rax [rcx+0x40]` un-inflate prologue so bit0 is is_generic
il2cpp_method_is_inflated,pjVcruvXDJp,high,0xAAFA00 `movzx eax byte [rcx+0x53]; shr al 1; and al 1` = bit1; that exact bit is tested at 0xAAFB0B before dereferencing method->genericMethod@+0x40 which is the canonical is_inflated idiom
il2cpp_method_is_instance,metCQzcvhFd,high,0xAAFA10 `movzx eax byte [rcx+0x4C]; shr al 4; not al; and al 1` = !(flags & 0x10 METHOD_ATTRIBUTE_STATIC); flags@+0x4C is pinned by method_get_flags; the inversion is what makes it is_instance
il2cpp_monitor_try_wait,legIIoGfFPc,high,0xAAFF40 a bare `jmp 0xB2E5F0` passing edx through as the timeout; its mirror at 0xAAFF30 forces edx=-1 first; REPLACES the deployed il2cpp_monitor_enter which was calling Monitor::TryWait with an uninitialised timeout
il2cpp_monitor_wait,HpzKQFwBtTV,high,0xAAFF30 `mov edx 0xFFFFFFFF; jmp 0xB2E5F0` = TryWait(obj; INFINITE); identical wrapper construction to monitor_enter (0xAAFEA0) over monitor_try_enter's body (0xAAFEB0)
il2cpp_property_get_flags,tdypMMWKCTI,high,0x1D2A10 `mov eax [rcx]; ret` = PropertyInfo.attrs@+0x00; proven by Class::SetupProperties 0xAFFB49/0xAFFB61 which copies Il2CppPropertyDefinition+0x0C (attrs) into [r8-0x18] where r8-0x18 is the record base of a stride-0x30 PropertyInfo
il2cpp_property_get_parent,pWzwZxFKvSH,high,0x079C50 `mov rax [rcx+0x18]; ret`; SetupProperties stores the owning klass (rsi) into [r8+0x00] = base+0x18; legitimate ICF fold with method_get_class and class_get_namespace which also read +0x18 of their own structs
il2cpp_property_get_set_method,iCvDDMzLzbU,high,0x080420 `mov rax [rcx+0x20]; ret`; SetupProperties resolves Il2CppPropertyDefinition+0x08 (the SET index) through klass->methods and stores it at [r8+8] = base+0x20 while the GET index lands at base+0x08
il2cpp_set_commandline_arguments,paihXAArYUu,high,0xAAE210 `mov rax rdx; mov edx ecx; mov rcx rax` swaps the API order (argc; argv; basedir) into the internal (argv; argc; basedir) and passes r8 through untouched; its UTF-16 sibling writes the same argc global
il2cpp_set_commandline_arguments_utf16,FBfjbhHMGer,high,0xAAE220 `movsxd rbx ecx` takes argc as arg1 then walks each argv[i] with a 2-byte stride into a u16string; canonical slot immediately after the byte version
il2cpp_set_config,TGlBkTxhoYf,high,0xAAE4C0 inline byte strlen into a temporary std::string then `call 0xAA29C0` (Runtime::SetConfigFilePath) and frees the temporary; the three dir setters instead assign straight into a persistent global and never call 0xAA29C0
il2cpp_set_config_dir,hEzQkBiZgjk,high,0xAAE180 stores its char* into the std::string global 0xD6E5848; the reader of that global is 0xAA2D80 whose fallback is Combine(GetDataDir(); "etc") with the literal "etc" read out of .rdata at 0xC2A7E0C
il2cpp_set_config_utf16,OXrJwfBqQzr,high,0xAAE3E0 single Il2CppChar* (2-byte-stride length loop) converted to std::string then `call 0xAA29C0` - the SAME Runtime::SetConfigFilePath callee as the char* version at 0xAAE4C0; il2cpp_init_utf16 has an identical prologue but calls 0xAA0220 instead
il2cpp_set_data_dir,irdrDOvKaOR,high,0xAAE1B0 stores its char* into the std::string global 0xD6E5B08; the reader 0xABDF00 is GetDataDir - it falls back to Combine(executable folder; "Data") with the literal "Data" at 0xC2ADD48 and is the function GetConfigDir calls
il2cpp_set_find_plugin_callback,WqxgktLxFAn,high,0xAB0A50 `mov qword [rip->0xD6E9FE0] rcx; ret`; distinct from the log-callback setter at the next slot (0xAB0A60 -> 0xD6E5740 whose global is invoked right after a vsnprintf); canonical slot between free_captured_memory_snapshot and register_log_callback
il2cpp_set_memory_callbacks,dBYjubosZAy,high,0xAAE560 copies exactly 0x38 bytes (movups x3 + movsd) from [rcx] to 0xD6E5748 = 7 function pointers = sizeof(Il2CppMemoryCallbacks); closed against the plaintext il2cpp_free which dispatches through offset +0x10 of that same struct
il2cpp_set_temp_dir,HKysZkaWtHx,high,0xAAE1E0 third member of the identical char*-to-std::string-global setter family with global 0xD6E5868; config (0xD6E5848) and data (0xD6E5B08) are positively identified by their "etc" and "Data" fallbacks so temp is the remainder; canonical slot agrees
il2cpp_shutdown,iXVXrGhrTXj,high,0xAAE170 zero arguments; decrements an init refcount under a lock and fires the managed AppDomain ProcessExit event; canonical slot 2 between init_utf16 (0xAAE070) and set_config_dir (0xAAE180)
il2cpp_string_intern,MvQkGdKFsOK,high,0xAB0020 -> 0xABCAD0 LAZILY CREATES the intern table when the global 0x18D6E9D98 is null and INSERTS on a miss; the sibling at 0xAB0030 does neither
il2cpp_string_is_interned,YffigYHfIsa,high,0xAB0030 reads the same intern-table global 0x18D6E9D98 but returns NULL immediately when it is null and performs a pure lookup with no insert on a miss
il2cpp_string_new_len,FKreBiXiPmS,high,0xAB0010 a bare `jmp 0xABC9C0` into String::NewLen whose first instruction is `mov r8d edx` - edx is load-bearing so this export has arity 2 (str; length); REPLACES the deployed il2cpp_string_new which was passing an uninitialised length
il2cpp_string_new_wrapper,gQtEKwujGMr,high,0xAAFFA0 computes the length with an inline strlen then tail-jumps into the SAME String::NewLen body (0xABC9C0); il2cpp implements String::New and String::NewWrapper identically so ICF folded them - two export names sit at this RVA for the two APIs
il2cpp_thread_get_all_attached_threads,POvoavzjjgL,high,0xAB0180 1 arg; `(end-begin)/8` written to [rcx] and begin returned - structurally identical to the ground-truth il2cpp_domain_get_assemblies (which writes its count to [rdx] because it has a leading domain arg)
il2cpp_thread_get_frame_at,JbKd_rQmCPM,high,0xAB0430 3 args read as rcx=thread rdx=OFFSET AS 32-BIT (`mov edi edx`) r8=frame out - exactly (Il2CppThread*; int32_t; Il2CppStackFrameInfo*); allocates the 0x70 cross-thread scratch its 2-arg current-thread twin does not need
il2cpp_thread_get_stack_depth,VLjfTwiNhlm,high,0xAB0560 1 arg (rcx=thread) plus the 0x70 cross-thread scratch allocation; final slot of the 10-slot thread run whose zero-arg current-thread twin sits at 0xAB0540
il2cpp_thread_get_top_frame,GPNWhwVgomj,high,0xAB0320 2 args (rcx=thread rdx=frame out) with the 0x70 cross-thread scratch; its current-thread twin at 0xAB0310 takes 1 arg and calls GetFrameAt(0; frame)
il2cpp_thread_walk_frame_stack,abGVMYTYaEX,high,0xAB0210 3 args (rcx=thread rdx=callback r8=user_data) with the 0x70 cross-thread scratch; the 2-arg current-thread variant is the preceding slot
il2cpp_type_equals,zmmRebpCnWB,high,0xAB08D0 exactly 2 pointer args forwarded untouched to the structural Il2CppType comparator 0xA7C2B0 (which compares the type byte at +0x0A and the byref bit 29 of the dword at +0x08) then `test eax eax; sete al` - the only 2-arg bool in the type block
il2cpp_type_get_assembly_qualified_name,ZrVlpDfSXUO,high,0xAB0750 byte-identical to type_get_name except the format immediate is 3; the name builder 0x180A91F90 tests `cmp r15d 3` exactly where it appends the assembly name so 3 = IL2CPP_TYPE_NAME_FORMAT_ASSEMBLY_QUALIFIED
il2cpp_type_get_attrs,oruEMDa_zci,high,0xAB08C0 `movzx eax word [rcx+8]; ret` = the attrs:16 bitfield; its neighbour at 0xAB08B0 reads bit29 of the same dword (byref) and the one at 0xAB08F0 reads bit4 (static) which fixes +0x08 as the bitfield word; unique u16-at-+8 getter in the export table
il2cpp_type_get_class_or_element_class,iIwVbqAInoB,high,0xAB0670 special-cases type 0x14 (ARRAY) -> FromIl2CppType(data.array->etype) and 0x1D (SZARRAY) -> FromIl2CppType(data.type) else FromIl2CppType(type); the tail target 0xAFC100 is proven Class::FromIl2CppType by the deployed class_from_il2cpp_type
il2cpp_type_get_name,ecdboIMdBOs,high,0xAB06A0 calls Type::GetName (0xA92A00) with r8d=0 then StringDuplicates the result through the il2cpp allocator; format 0 is IL because the builder picks '.' over '+' for nested types exactly when the format is 0
il2cpp_type_get_type,wTiSnyOAChQ,high,0xAB0660 `movsx eax byte [rcx+0xA]; ret` - the SIGNED read is the Il2CppTypeEnum bitfield; Class::FromIl2CppType does the identical `movsx ecx byte [rcx+0xA]` on its argument; the byte pattern occurs exactly once in the whole DLL
il2cpp_unhandled_exception,SHbjRQtBvYi,high,0xAAF1D0 1 arg; resolves the literal string "UnhandledException" on the current AppDomain and invokes the installed handler; canonical slot after format_stack_trace (0xAAF0B0)
il2cpp_class_get_fields,NnUgnFASjZl,high,REPLACES DEPLOYED IVjDwejqCp_ (which is the PROPERTIES iterator); 0xAAE7E0 iterates array klass+0x90 with u16 count klass+0x124 = field_count (the same +0x124 the deployed class_num_fields reads) stride 0x30
il2cpp_class_get_interfaces,QKWWTobOjEx,high,REPLACES DEPLOYED npApjJKKUuO (which is the NESTED TYPES iterator); 0xAAE880 iterates implementedInterfaces klass+0x50 with u16 count klass+0x12C = interfaces_count
il2cpp_class_get_nested_types,npApjJKKUuO,high,REPLACES DEPLOYED OfYRWVorWbz which IS NOT AN EXPORT IN THIS BINARY AT ALL; 0xAAE870 guards on generic_class klass+0x60 then iterates nestedTypes klass+0x88 with u16 count klass+0x128
il2cpp_class_get_element_class,KnIRRdHoRuo,high,REPLACES DEPLOYED jnARKkncjcT (which is enum_basetype and returns NULL for every non-enum plus an Il2CppType* otherwise); 0x0ABAF0 is `mov rax [rcx+0x40]; ret` = klass->element_class - the unique +0x40 pointer getter
il2cpp_class_get_parent,fuIEbponSru,high,REPLACES DEPLOYED EuNGSVcTusZ which reads +0x20 = the INTERIOR of byval_arg; parent is +0x48 - proven by the get_property_from_name hierarchy walk (`mov rbx [rbx+0x48]`) and by Class::SetupTypeHierarchy at 0xAFFBB7 which recurses on [rcx+0x48] and increments typeHierarchyDepth@+0x130; 0x0A8F60 is the unique +0x48 pointer getter
il2cpp_class_get_namespace,GEQaqHTaHNz,high,REPLACES DEPLOYED QdJhQEJilhG which reads +0x28 = the INTERIOR of byval_arg; namespaze is +0x18 - Type::GetNameInternal at 0xA92B14 does `mov rax [rsi+0x18]; cmp byte [rax] 0` as its is-the-namespace-empty test and then appends a '.'
il2cpp_class_get_name,dgYXa_mduNh,high,UNCHANGED - already correct; recorded here as the anchor that fixes the shuffled layout: Type::GetNameInternal at 0xA92B2E does `mov rcx [rsi+0x98]; mov edx 0x60; call strchr` searching the class name for the generic backtick so name is +0x98 NOT +0x10 on this build
il2cpp_class_is_enum,AZjeWkhbVyC,high,REPLACES DEPLOYED MNlemQXZQAE which reads +0x135 bit4 = is_generic; enumtype is bit2 - the bitfield order is anchored by Class::Init 0xB00389 testing bit1 (initialized) and by class_has_references returning bit5
il2cpp_class_array_element_size,tCCUCjaXvr_,high,REPLACES DEPLOYED nTKazuUmOzK (which is the plain element_size getter needed by il2cpp_array_element_size); 0xAAEA40 -> 0xB00480 switches on byval_arg.type (`movsx eax byte [rcx+0x2A]` with `lea rbx [rcx+0x20]`) which is Class::GetArrayElementSize
il2cpp_method_get_class,GpbVPFMyscA,high,REPLACES DEPLOYED pbByKDHkSQX which reads +0x10 = method->NAME; MethodInfo.klass is +0x18 - proven by method_has_attribute 0xAAFA50 `mov rax [rcx+0x18]; mov rbx [rax]` walking method->klass->image
il2cpp_method_get_declaring_type,pdNwqDVoBRW,high,REPLACES DEPLOYED jjuPxFvpWIP which reads +0x10 = method->NAME; Method::GetDeclaringType returns method->klass which is +0x18 - same proof as method_get_class
il2cpp_property_get_get_method,UpxOqXasgLu,high,REPLACES DEPLOYED GnJoUVCbOGk which is NOT an accessor at all - it is `jmp 0xAD8D20` a full liveness-calculation routine; PropertyInfo.get is +0x08 per SetupProperties (`inflate(src+0x08) -> [rbx-8]` = base+0x08); 0x44DD80 is the unique +0x08 pointer getter
il2cpp_property_get_name,BmCgtBkwLob,high,REPLACES DEPLOYED UpxOqXasgLu which reads +0x08 = the GET METHOD; PropertyInfo.name is +0x10 - independently proven by get_property_from_name's inline strcmp against [prop+0x10]
il2cpp_image_get_name,UpxOqXasgLu,high,REPLACES DEPLOYED tGMscglseyc which reads +0x18 = the .dll FILENAME; Image::GetName returns nameNoExt at +0x08 - proven by class_get_assemblyname (`mov rax [rcx]; mov rax [rax+8]`) since Class::GetAssemblyName is defined as Image::GetName(klass->image)
il2cpp_monitor_enter,mzzIMXNeKvR,high,REPLACES DEPLOYED legIIoGfFPc which is monitor_try_WAIT; 0xAAFEA0 is `mov edx 0xFFFFFFFF; jmp 0xB2E200` = TryEnter(obj; INFINITE) over the exact body the deployed monitor_try_enter (0xAAFEB0) passes edx through to
il2cpp_string_new,fGGxfJQudbL,high,REPLACES DEPLOYED FKreBiXiPmS which is String::NewLen and consumes edx as a length that a 1-arg caller never sets - a live memory-safety bug; 0xAAFFA0 computes the length with an inline strlen before entering the same body
il2cpp_gc_is_disabled,rdcBPyAmXpZ,high,REPLACES DEPLOYED gYsBZmDHeZK (a `jmp` into a large locking routine); 0xAAF490 is `cmp dword [rip->0xD6E81F0] 0; setne al; ret` reading the very GC_dont_gc counter that gc_disable increments and gc_enable decrements
